{
  "allFiles": [
    {
      "file": "/storage/emulated/0/AndroidIDEProjects/hengx-tree/tree/src/main/java/com/hengx/tree/widget/TextTreeView.java",
      "selection": {
        "end": {
          "column": 88,
          "index": 3540,
          "line": 87
        },
        "start": {
          "column": 88,
          "index": 3540,
          "line": 87
        }
      }
    },
    {
      "file": "/storage/emulated/0/AndroidIDEProjects/hengx-tree/app/src/main/java/com/hengx/tree/app/MainActivity.java",
      "selection": {
        "end": {
          "column": 27,
          "index": 579,
          "line": 19
        },
        "start": {
          "column": 27,
          "index": 579,
          "line": 19
        }
      }
    }
  ],
  "selectedFile": "/storage/emulated/0/AndroidIDEProjects/hengx-tree/tree/src/main/java/com/hengx/tree/widget/TextTreeView.java"
}